{"cameraMode":{"drawMode":0,"name":"Shaded","section":"Shading Mode"},"sceneLighting":true,"audioPlay":false,"sceneViewState":{"m_AlwaysRefresh":false,"showFog":true,"showSkybox":true,"showFlares":true,"showImageEffects":true,"showParticleSystems":true,"showVisualEffectGraphs":true,"m_FxEnabled":true},"in2DMode":false,"pivot":{"x":-1.176967740058899,"y":12.338397026062012,"z":2.504751205444336},"rotation":{"x":0.08413153886795044,"y":-0.04334122687578201,"z":0.0036931242793798448,"w":0.9955352544784546},"size":6.607396125793457,"orthographic":false}