{"cameraMode":{"drawMode":0,"name":"Shaded","section":"Shading Mode"},"sceneLighting":true,"audioPlay":false,"sceneViewState":{"m_AlwaysRefresh":false,"showFog":true,"showSkybox":true,"showFlares":true,"showImageEffects":true,"showParticleSystems":true,"showVisualEffectGraphs":true,"m_FxEnabled":true},"in2DMode":false,"pivot":{"x":-0.15172874927520753,"y":8.183592796325684,"z":0.17603617906570435},"rotation":{"x":0.3021584153175354,"y":0.2965230941772461,"z":-0.10148124396800995,"w":0.9005584120750427},"size":1.491979956626892,"orthographic":false}