{"cameraMode":{"drawMode":0,"name":"Shaded","section":"Shading Mode"},"sceneLighting":true,"audioPlay":false,"sceneViewState":{"m_AlwaysRefresh":false,"showFog":true,"showSkybox":true,"showFlares":true,"showImageEffects":true,"showParticleSystems":true,"showVisualEffectGraphs":true,"m_FxEnabled":true},"in2DMode":false,"pivot":{"x":-0.44086754322052,"y":10.039864540100098,"z":-4.816396713256836},"rotation":{"x":0.0041869585402309898,"y":0.038088276982307437,"z":0.000159467599587515,"w":-0.999269962310791},"size":8.015609741210938,"orthographic":false}