{"cameraMode":{"drawMode":0,"name":"Shaded","section":"Shading Mode"},"sceneLighting":true,"audioPlay":false,"sceneViewState":{"m_AlwaysRefresh":false,"showFog":true,"showSkybox":true,"showFlares":true,"showImageEffects":true,"showParticleSystems":true,"showVisualEffectGraphs":true,"m_FxEnabled":true},"in2DMode":false,"pivot":{"x":878.023193359375,"y":137.8715057373047,"z":242.00450134277345},"rotation":{"x":0.21307364106178285,"y":-0.02960173971951008,"z":0.006555723026394844,"w":0.9766150712966919},"size":155.74337768554688,"orthographic":false}