{"cameraMode":{"drawMode":0,"name":"Shaded","section":"Shading Mode"},"sceneLighting":true,"audioPlay":false,"sceneViewState":{"m_AlwaysRefresh":false,"showFog":true,"showSkybox":true,"showFlares":true,"showImageEffects":true,"showParticleSystems":true,"showVisualEffectGraphs":true,"m_FxEnabled":true},"in2DMode":false,"pivot":{"x":553.0381469726563,"y":225.61444091796876,"z":807.045166015625},"rotation":{"x":0.06596994400024414,"y":-0.6395953893661499,"z":0.052423279732465747,"w":0.7644636631011963},"size":175.02206420898438,"orthographic":false}